structure_id,source_uri,label,tier,subclass,is_predicted,is_reference_bank
NDM-1,pdb:3SPU,positive,1,B1,false,true
VIM-2,pdb:1KO3,positive,1,B1,false,true
IMP-1,pdb:1DD6,positive,1,B1,false,true
CphA,pdb:1X8G,positive,1,B2,false,true
Sfh-I,pdb:2QDS,positive,1,B2,false,true
L1,pdb:1SML,positive,1,B3,false,true
FEZ-1,pdb:1K07,positive,1,B3,false,true
MBU4627809.1,local:final_structures/MBU4627809.1.pdb,positive,3,B2,true,false
UBK05373.1,local:final_structures/UBK05373.1.pdb,positive,3,B3,true,false
QWJ89341.1,local:final_structures/QWJ89341.1.pdb,positive,3,B3,true,false
AYD68552.1,local:final_structures/AYD68552.1.pdb,positive,3,B3,true,false
QXM27671.1,local:final_structures/QXM27671.1.pdb,positive,3,B3,true,false
WP_213603971.1,local:final_structures/WP_213603971.1.pdb,positive,3,B3,true,false
AWN09461.1,local:final_structures/AWN09461.1.pdb,positive,3,B3,true,false
AGU01679.2,local:final_structures/AGU01679.2.pdb,positive,3,B3,true,false
MFS1702987.1,local:final_structures/MFS1702987.1.pdb,positive,3,B1,true,false
UZX27393.1,local:final_structures/UZX27393.1.pdb,positive,3,B1,true,false
WP_123865086.1,local:final_structures/WP_123865086.1.pdb,positive,3,B1,true,false
MBE7399711.1,local:final_structures/MBE7399711.1.pdb,positive,3,B1,true,false
BES62776.2,local:final_structures/BES62776.2.pdb,positive,3,B1,true,false
KYO71936.1,local:final_structures/KYO71936.1.pdb,positive,3,B1,true,false
WDE35088.1,local:final_structures/WDE35088.1.pdb,positive,3,B1,true,false
QTJ60982.1,local:final_structures/QTJ60982.1.pdb,positive,3,B1,true,false
MBS5055441.1,local:final_structures/MBS5055441.1.pdb,positive,3,B1,true,false
UPP01678.1,local:final_structures/UPP01678.1.pdb,positive,3,UNCLASSIFIED,true,false
G04,local:final_structures/G04.pdb,positive,3,B1,true,false
G06,local:final_structures/G06.pdb,positive,3,B1,true,false
G09,local:final_structures/G09.pdb,positive,3,B1,true,false
G12,local:final_structures/G12.pdb,positive,3,B1,true,false
G13,local:final_structures/G13.pdb,positive,3,B1,true,false
G27,local:final_structures/G27.pdb,positive,3,B1,true,false
G28,local:final_structures/G28.pdb,positive,3,B1,true,false
G29,local:final_structures/G29.pdb,positive,3,B1,true,false
G31,local:final_structures/G31.pdb,positive,3,B1,true,false
G33,local:final_structures/G33.pdb,positive,3,B1,true,false
G37,local:final_structures/G37.pdb,positive,3,B1,true,false
G52,local:final_structures/G52.pdb,positive,3,B1,true,false
G58,local:final_structures/G58.pdb,positive,3,B1,true,false
G63,local:final_structures/G63.pdb,positive,3,B1,true,false
G67,local:final_structures/G67.pdb,positive,3,B1,true,false
G70,local:final_structures/G70.pdb,positive,3,B1,true,false
G71,local:final_structures/G71.pdb,positive,3,B1,true,false
G74,local:final_structures/G74.pdb,positive,3,B1,true,false
G77,local:final_structures/G77.pdb,positive,3,B1,true,false
APR64485.1,local:final_structures/APR64485.1.pdb,positive,3,B3,true,false
APR64486.1,local:final_structures/APR64486.1.pdb,positive,3,B1,true,false
APR64487.1,local:final_structures/APR64487.1.pdb,positive,3,B3,true,false
APR64488.1,local:final_structures/APR64488.1.pdb,positive,3,B3,true,false
APR64489.1,local:final_structures/APR64489.1.pdb,positive,3,B3,true,false
APR64490.1,local:final_structures/APR64490.1.pdb,positive,3,B3,true,false
APR64491.1,local:final_structures/APR64491.1.pdb,positive,3,B3,true,false
APR64492.1,local:final_structures/APR64492.1.pdb,positive,3,B3,true,false
APR64493.1,local:final_structures/APR64493.1.pdb,positive,3,B1,true,false
AEX08599.1,local:final_structures/G9JVE6.pdb,positive,3,B1,true,false
AGT37351.1,local:final_structures/S5ZIP8.pdb,positive,3,B1,true,false
AAZ73123.1,local:final_structures/Q3YBY0.pdb,positive,3,B1,true,false
AFN88953.1,local:final_structures/I6ZVA9.pdb,positive,3,B1,true,false
AFP99885.1,local:final_structures/J7HGI2.pdb,positive,3,B1,true,false
ABW90721.1,local:final_structures/B5KVR9.pdb,positive,3,B1,true,false
AJP67511.1,local:final_structures/A0A0C5KH21.pdb,positive,3,B1,true,false
AAS13759.1,local:final_structures/Q6QUV4.pdb,positive,3,B1,true,false
AWU66462.1,local:final_structures/A0A2Z4BV56.pdb,positive,3,B1,true,false
AGE83081.2,local:final_structures/M1JB36.pdb,positive,3,B1,true,false
ABR10840.1,local:final_structures/Q9K2N0.pdb,positive,3,B1,true,false
AAN84550.1,local:final_structures/Q8GCU7.pdb,positive,3,B1,true,false
BAQ02518.1,local:final_structures/A0A0A8J940.pdb,positive,3,B1,true,false
AWU66463.1,local:final_structures/A0A2Z4BV07.pdb,positive,3,B1,true,false
CBY80143.1,local:final_structures/E5BDC6.pdb,positive,3,B1,true,false
AAT36613.1,local:final_structures/Q700T0.pdb,positive,3,B1,true,false
AGC50805.1,local:final_structures/L7UN39.pdb,positive,3,B1,true,false
AFQ31613.1,local:final_structures/J7I0S9.pdb,positive,3,B1,true,false
ACB54703.1,local:final_structures/B4YAJ7.pdb,positive,3,B1,true,false
BAM84089.1,local:final_structures/M1VE66.pdb,positive,3,B1,true,false
AEI25539.1,local:final_structures/F8UTU0.pdb,positive,3,B1,true,false
AAN52134.1,local:final_structures/Q8GKX2.pdb,positive,3,B1,true,false
AYF56302.1,local:final_structures/A0A5K6VNM3.pdb,positive,3,B1,true,false
CAZ39946.1,local:final_structures/C7C422.pdb,positive,3,B1,true,false
ADO50679.1,local:final_structures/E5G503.pdb,positive,3,B1,true,false
AFK24647.1,local:final_structures/I3RJZ3.pdb,positive,3,B1,true,false
ACY29468.1,local:final_structures/D2D9J0.pdb,positive,3,B1,true,false
ADX78234.1,local:final_structures/F6L7B6.pdb,positive,3,B1,true,false
CAJ32502.1,local:final_structures/Q8KRJ3.pdb,positive,3,B1,true,false
AEN03071.1,local:final_structures/G3K399.pdb,positive,3,B1,true,false
CAC87665.1,local:final_structures/Q8KKG1.pdb,positive,3,B3,true,false
AGU91756.1,local:final_structures/T2A6Y2.pdb,positive,3,B1,true,false
AGS82586.1,local:final_structures/A0A059PYQ6.pdb,positive,3,B1,true,false
AAN63496.1,local:final_structures/Q9XAY4.pdb,positive,3,B1,true,false
AAA22562.1,local:final_structures/P14488.pdb,positive,3,B1,true,false
ADL27533.1,local:final_structures/E0AFT6.pdb,positive,3,B1,true,false
AFK80349.1,local:final_structures/I3VKD5.pdb,positive,3,B1,true,false
ABC94518.1,local:final_structures/Q2HY42.pdb,positive,3,B1,true,false
AIY26289.1,local:final_structures/A0A0A1ECK6.pdb,positive,3,B1,true,false
AEA41876.1,local:final_structures/F2YZ26.pdb,positive,3,B1,true,false
AAT48653.1,local:final_structures/Q6GUL7.pdb,positive,3,B1,true,false
AGC92784.1,local:final_structures/L7X1X1.pdb,positive,3,B1,true,false
ACB54702.1,local:final_structures/B4YAJ6.pdb,positive,3,B1,true,false
AAG27703.1,local:final_structures/Q9F629.pdb,positive,3,B1,true,false
AFB82585.1,local:final_structures/H6WZS9.pdb,positive,3,B1,true,false
BAO79439.1,local:final_structures/A0A024FRL9.pdb,positive,3,B1,true,false
CAO83029.1,local:final_structures/A7WPA3.pdb,positive,3,B1,true,false
AFP99175.1,local:final_structures/J7HBJ4.pdb,positive,3,B1,true,false
CAD61201.1,local:final_structures/Q840P9.pdb,positive,3,B1,true,false
AJP18054.1,local:final_structures/A0A0C5H135.pdb,positive,3,B1,true,false
AJP77059.1,local:final_structures/A0A0C5LDD9.pdb,positive,3,B3,true,false
AJP77071.1,local:final_structures/A0A0C5L392.pdb,positive,3,B3,true,false
AJP77076.1,local:final_structures/A0A0C5L398.pdb,positive,3,B1,true,false
AJP77054.1,local:final_structures/A0A0C5LDD5.pdb,positive,3,B3,true,false
AJP77085.1,local:final_structures/A0A0C5LQ44.pdb,positive,3,B3,true,false
AJP77057.1,local:final_structures/A0A0C5LDH9.pdb,positive,3,B3,true,false
AJP77080.1,local:final_structures/A0A0C5LQ34.pdb,positive,3,B3,true,false
CAD37801.1,local:final_structures/Q8G9Q0.pdb,positive,3,B1,true,false
AFV91534.1,local:final_structures/K7SA42.pdb,positive,3,UNCLASSIFIED,true,false
AQY45923.1,local:final_structures/A0A2P1H1P0.pdb,positive,3,B1,true,false
AYP70146.1,local:final_structures/A0A3G3C0Q6.pdb,positive,3,B1,true,false
QAT97614.1,local:final_structures/A0A410SN60.pdb,positive,3,B1,true,false
AGH88989.1,local:final_structures/G3GBT0.pdb,positive,3,UNCLASSIFIED,true,false
AOT73359.1,local:final_structures/A0A1P8C735.pdb,positive,3,B1,true,false
CBY88906.1,local:final_structures/E7BCS5.pdb,positive,3,B1,true,false
BAM73613.1,local:final_structures/L0N4W6.pdb,positive,3,B1,true,false
AAF94716.1,local:final_structures/Q9KRS4.pdb,positive,3,B1,true,false
AKF43458.1,local:final_structures/A0A0F6ZNP0.pdb,positive,3,B1,true,false
BAR80870.1,local:final_structures/A0A0G4CR63.pdb,positive,3,B1,true,false
ASC49561.1,local:final_structures/A0A1Z3FWF5.pdb,positive,3,B1,true,false
ALT07696.1,local:final_structures/A0A0S2MTX2.pdb,positive,3,B1,true,false
ALT53802.1,local:final_structures/A0A0U2ULS0.pdb,positive,3,B1,true,false
APZ75411.1,local:final_structures/A0A1P8VH15.pdb,positive,3,B1,true,false
ATJ25942.1,local:final_structures/A0A291NY14.pdb,positive,3,B1,true,false
AVX51087.1,local:final_structures/A0A2R4PHC7.pdb,positive,3,UNCLASSIFIED,true,false
AWI33311.1,local:final_structures/A0A2S1T3V3.pdb,positive,3,B1,true,false
ASU31903.1,local:final_structures/A0A288Z5L0.pdb,positive,3,B1,true,false
QFZ95817.1,local:final_structures/A0A5Q0MV96.pdb,positive,3,B1,true,false
BAF91108.1,local:final_structures/A8R403.pdb,positive,3,B1,true,false
BAO01151.1,local:final_structures/U3U4Q6.pdb,positive,3,B3,true,false
AKZ20823.1,local:final_structures/A0A0K1Z5K4.pdb,positive,3,B1,true,false
QVU28093.1,local:final_structures/A0A8E7DAJ6.pdb,positive,3,B1,true,false
QVU28098.1,local:final_structures/A0A8E7DD97.pdb,positive,3,B1,true,false
QWO25674.1,local:final_structures/A0A8F1D5U2.pdb,positive,3,B1,true,false
QYZ89892.1,local:final_structures/A0A8G1A6Q8.pdb,positive,3,B1,true,false
QYZ89893.1,local:final_structures/A0A8G1A6Z8.pdb,positive,3,B1,true,false
APL95059.1,local:final_structures/A0A1L5BQA7.pdb,positive,3,B3,true,false
QTH36338.1,local:final_structures/A0A8A5YR11.pdb,positive,3,B1,true,false
AAW82619.1,local:final_structures/Q5EEU4.pdb,positive,3,B3,true,false
BBQ04269.1,local:final_structures/A0A5S9MQZ5.pdb,positive,3,B3,true,false
QIZ64888.1,local:final_structures/A0A8E4CDK2.pdb,positive,3,B1,true,false
QIZ64889.1,local:final_structures/A0A8E4CDL2.pdb,positive,3,B1,true,false
QTG68658.1,local:final_structures/A0A8A5TKR5.pdb,positive,3,B1,true,false
O44476,local:final_structures/O44476.pdb,hard_negative,4,,true,false
Q8L633,local:final_structures/Q8L633.pdb,hard_negative,4,,true,false
Q8LGU7,local:final_structures/Q8LGU7.pdb,hard_negative,4,,true,false
D4GZ88,local:final_structures/D4GZ88.pdb,hard_negative,4,,true,false
P54548,local:final_structures/P54548.pdb,hard_negative,4,,true,false
P87168,local:final_structures/P87168.pdb,hard_negative,4,,true,false
A0PTY0,local:final_structures/A0PTY0.pdb,hard_negative,4,,true,false
A0RID9,local:final_structures/A0RID9.pdb,hard_negative,4,,true,false
A0RYQ9,local:final_structures/A0RYQ9.pdb,hard_negative,4,,true,false
A2BY56,local:final_structures/A2BY56.pdb,hard_negative,4,,true,false
A2C4C2,local:final_structures/A2C4C2.pdb,hard_negative,4,,true,false
A2C725,local:final_structures/A2C725.pdb,hard_negative,4,,true,false
A5GN87,local:final_structures/A5GN87.pdb,hard_negative,4,,true,false
A5VJA0,local:final_structures/A5VJA0.pdb,hard_negative,4,,true,false
A6L3H3,local:final_structures/A6L3H3.pdb,hard_negative,4,,true,false
A6UUY8,local:final_structures/A6UUY8.pdb,hard_negative,4,,true,false
A7GSG2,local:final_structures/A7GSG2.pdb,hard_negative,4,,true,false
A7Z6F0,local:final_structures/A7Z6F0.pdb,hard_negative,4,,true,false
A8ABB4,local:final_structures/A8ABB4.pdb,hard_negative,4,,true,false
A8YV16,local:final_structures/A8YV16.pdb,hard_negative,4,,true,false
A9A3X2,local:final_structures/A9A3X2.pdb,hard_negative,4,,true,false
A9VG79,local:final_structures/A9VG79.pdb,hard_negative,4,,true,false
B0CE23,local:final_structures/B0CE23.pdb,hard_negative,4,,true,false
B0JGG3,local:final_structures/B0JGG3.pdb,hard_negative,4,,true,false
B0R7E2,local:final_structures/B0R7E2.pdb,hard_negative,4,,true,false
B1MZQ4,local:final_structures/B1MZQ4.pdb,hard_negative,4,,true,false
B1WQW1,local:final_structures/B1WQW1.pdb,hard_negative,4,,true,false
B1XN66,local:final_structures/B1XN66.pdb,hard_negative,4,,true,false
B1YLU8,local:final_structures/B1YLU8.pdb,hard_negative,4,,true,false
B2G6S0,local:final_structures/B2G6S0.pdb,hard_negative,4,,true,false
B2GBD1,local:final_structures/B2GBD1.pdb,hard_negative,4,,true,false
B2J3C7,local:final_structures/B2J3C7.pdb,hard_negative,4,,true,false
B4U3M1,local:final_structures/B4U3M1.pdb,hard_negative,4,,true,false
B6YT50,local:final_structures/B6YT50.pdb,hard_negative,4,,true,false
B7GHJ4,local:final_structures/B7GHJ4.pdb,hard_negative,4,,true,false
B7HB12,local:final_structures/B7HB12.pdb,hard_negative,4,,true,false
B7HNQ7,local:final_structures/B7HNQ7.pdb,hard_negative,4,,true,false
B7IWQ5,local:final_structures/B7IWQ5.pdb,hard_negative,4,,true,false
B7JLZ5,local:final_structures/B7JLZ5.pdb,hard_negative,4,,true,false
B7K1N1,local:final_structures/B7K1N1.pdb,hard_negative,4,,true,false
B7K762,local:final_structures/B7K762.pdb,hard_negative,4,,true,false
B8HP81,local:final_structures/B8HP81.pdb,hard_negative,4,,true,false
B9IXD7,local:final_structures/B9IXD7.pdb,hard_negative,4,,true,false
B9LQT0,local:final_structures/B9LQT0.pdb,hard_negative,4,,true,false
C0MAM9,local:final_structures/C0MAM9.pdb,hard_negative,4,,true,false
C0MDJ9,local:final_structures/C0MDJ9.pdb,hard_negative,4,,true,false
C0ZBP8,local:final_structures/C0ZBP8.pdb,hard_negative,4,,true,false
C1AAD9,local:final_structures/C1AAD9.pdb,hard_negative,4,,true,false
C1ER14,local:final_structures/C1ER14.pdb,hard_negative,4,,true,false
C1KWS1,local:final_structures/C1KWS1.pdb,hard_negative,4,,true,false
C3LJR8,local:final_structures/C3LJR8.pdb,hard_negative,4,,true,false
C3P7S4,local:final_structures/C3P7S4.pdb,hard_negative,4,,true,false
C5A5S2,local:final_structures/C5A5S2.pdb,hard_negative,4,,true,false
C5D428,local:final_structures/C5D428.pdb,hard_negative,4,,true,false
C6A2P3,local:final_structures/C6A2P3.pdb,hard_negative,4,,true,false
O07896,local:final_structures/O07896.pdb,hard_negative,4,,true,false
O27859,local:final_structures/O27859.pdb,hard_negative,4,,true,false
O29323,local:final_structures/O29323.pdb,hard_negative,4,,true,false
O51696,local:final_structures/O51696.pdb,hard_negative,4,,true,false
O58883,local:final_structures/O58883.pdb,hard_negative,4,,true,false
O84350,local:final_structures/O84350.pdb,hard_negative,4,,true,false
P60193,local:final_structures/P60193.pdb,hard_negative,4,,true,false
P9WGZ4,local:final_structures/P9WGZ4.pdb,hard_negative,4,,true,false
P9WGZ5,local:final_structures/P9WGZ5.pdb,hard_negative,4,,true,false
Q03QP5,local:final_structures/Q03QP5.pdb,hard_negative,4,,true,false
Q03W55,local:final_structures/Q03W55.pdb,hard_negative,4,,true,false
Q0SMA2,local:final_structures/Q0SMA2.pdb,hard_negative,4,,true,false
Q118J2,local:final_structures/Q118J2.pdb,hard_negative,4,,true,false
Q1DEJ2,local:final_structures/Q1DEJ2.pdb,hard_negative,4,,true,false
Q29RY4,local:final_structures/Q29RY4.pdb,hard_negative,4,,true,false
Q3AHP8,local:final_structures/Q3AHP8.pdb,hard_negative,4,,true,false
Q3AZH7,local:final_structures/Q3AZH7.pdb,hard_negative,4,,true,false
Q3IRM5,local:final_structures/Q3IRM5.pdb,hard_negative,4,,true,false
Q46JB7,local:final_structures/Q46JB7.pdb,hard_negative,4,,true,false
Q49744,local:final_structures/Q49744.pdb,hard_negative,4,,true,false
Q55132,local:final_structures/Q55132.pdb,hard_negative,4,,true,false
Q58897,local:final_structures/Q58897.pdb,hard_negative,4,,true,false
Q5JE70,local:final_structures/Q5JE70.pdb,hard_negative,4,,true,false
Q5KXG8,local:final_structures/Q5KXG8.pdb,hard_negative,4,,true,false
Q5UZJ9,local:final_structures/Q5UZJ9.pdb,hard_negative,4,,true,false
Q5WGC3,local:final_structures/Q5WGC3.pdb,hard_negative,4,,true,false
Q5YQ00,local:final_structures/Q5YQ00.pdb,hard_negative,4,,true,false
Q635E2,local:final_structures/Q635E2.pdb,hard_negative,4,,true,false
Q65HN6,local:final_structures/Q65HN6.pdb,hard_negative,4,,true,false
Q6HE20,local:final_structures/Q6HE20.pdb,hard_negative,4,,true,false
Q6KZJ4,local:final_structures/Q6KZJ4.pdb,hard_negative,4,,true,false
Q6ME16,local:final_structures/Q6ME16.pdb,hard_negative,4,,true,false
Q71Y44,local:final_structures/Q71Y44.pdb,hard_negative,4,,true,false
Q731F6,local:final_structures/Q731F6.pdb,hard_negative,4,,true,false
Q73LB4,local:final_structures/Q73LB4.pdb,hard_negative,4,,true,false
Q7NDW3,local:final_structures/Q7NDW3.pdb,hard_negative,4,,true,false
Q818V3,local:final_structures/Q818V3.pdb,hard_negative,4,,true,false
Q81M88,local:final_structures/Q81M88.pdb,hard_negative,4,,true,false
Q89NF8,local:final_structures/Q89NF8.pdb,hard_negative,4,,true,false
Q8HY87,local:final_structures/Q8HY87.pdb,hard_negative,4,,true,false
Q8Q032,local:final_structures/Q8Q032.pdb,hard_negative,4,,true,false
Q8TLK5,local:final_structures/Q8TLK5.pdb,hard_negative,4,,true,false
Q8TWK0,local:final_structures/Q8TWK0.pdb,hard_negative,4,,true,false
Q8U182,local:final_structures/Q8U182.pdb,hard_negative,4,,true,false
Q8Y5S8,local:final_structures/Q8Y5S8.pdb,hard_negative,4,,true,false
Q8YLZ0,local:final_structures/Q8YLZ0.pdb,hard_negative,4,,true,false
Q8ZTJ7,local:final_structures/Q8ZTJ7.pdb,hard_negative,4,,true,false
Q92A38,local:final_structures/Q92A38.pdb,hard_negative,4,,true,false
Q97IQ6,local:final_structures/Q97IQ6.pdb,hard_negative,4,,true,false
Q9CHT8,local:final_structures/Q9CHT8.pdb,hard_negative,4,,true,false
Q9HJ19,local:final_structures/Q9HJ19.pdb,hard_negative,4,,true,false
Q9HN60,local:final_structures/Q9HN60.pdb,hard_negative,4,,true,false
Q9KC61,local:final_structures/Q9KC61.pdb,hard_negative,4,,true,false
Q9RDE4,local:final_structures/Q9RDE4.pdb,hard_negative,4,,true,false
Q9UZP4,local:final_structures/Q9UZP4.pdb,hard_negative,4,,true,false
Q9Z9F6,local:final_structures/Q9Z9F6.pdb,hard_negative,4,,true,false
A0QDL1,local:final_structures/A0QDL1.pdb,hard_negative,4,,true,false
A1KL99,local:final_structures/A1KL99.pdb,hard_negative,4,,true,false
A1RRK1,local:final_structures/A1RRK1.pdb,hard_negative,4,,true,false
A1UIW4,local:final_structures/A1UIW4.pdb,hard_negative,4,,true,false
A3MV61,local:final_structures/A3MV61.pdb,hard_negative,4,,true,false
A3Q2B8,local:final_structures/A3Q2B8.pdb,hard_negative,4,,true,false
A4T2G4,local:final_structures/A4T2G4.pdb,hard_negative,4,,true,false
A4WKM8,local:final_structures/A4WKM8.pdb,hard_negative,4,,true,false
A4YHP1,local:final_structures/A4YHP1.pdb,hard_negative,4,,true,false
A4YN80,local:final_structures/A4YN80.pdb,hard_negative,4,,true,false
A5U5A1,local:final_structures/A5U5A1.pdb,hard_negative,4,,true,false
A6LU82,local:final_structures/A6LU82.pdb,hard_negative,4,,true,false
A6WFU4,local:final_structures/A6WFU4.pdb,hard_negative,4,,true,false
A8M3K2,local:final_structures/A8M3K2.pdb,hard_negative,4,,true,false
A8MGK0,local:final_structures/A8MGK0.pdb,hard_negative,4,,true,false
A9KSU3,local:final_structures/A9KSU3.pdb,hard_negative,4,,true,false
B0B7R5,local:final_structures/B0B7R5.pdb,hard_negative,4,,true,false
B0BBY0,local:final_structures/B0BBY0.pdb,hard_negative,4,,true,false
B1VY42,local:final_structures/B1VY42.pdb,hard_negative,4,,true,false
B1YAJ2,local:final_structures/B1YAJ2.pdb,hard_negative,4,,true,false
B2HMC3,local:final_structures/B2HMC3.pdb,hard_negative,4,,true,false
B2RIU4,local:final_structures/B2RIU4.pdb,hard_negative,4,,true,false
B2S457,local:final_structures/B2S457.pdb,hard_negative,4,,true,false
B5RMU7,local:final_structures/B5RMU7.pdb,hard_negative,4,,true,false
B5RQ92,local:final_structures/B5RQ92.pdb,hard_negative,4,,true,false
B6IRV8,local:final_structures/B6IRV8.pdb,hard_negative,4,,true,false
B7J0K1,local:final_structures/B7J0K1.pdb,hard_negative,4,,true,false
B9KYQ3,local:final_structures/B9KYQ3.pdb,hard_negative,4,,true,false
C1AQX2,local:final_structures/C1AQX2.pdb,hard_negative,4,,true,false
C3NDQ2,local:final_structures/C3NDQ2.pdb,hard_negative,4,,true,false
C3NHZ9,local:final_structures/C3NHZ9.pdb,hard_negative,4,,true,false
Q0ST77,local:final_structures/Q0ST77.pdb,hard_negative,4,,true,false
Q0TQN4,local:final_structures/Q0TQN4.pdb,hard_negative,4,,true,false
Q1B671,local:final_structures/Q1B671.pdb,hard_negative,4,,true,false
Q253T0,local:final_structures/Q253T0.pdb,hard_negative,4,,true,false
Q3KM12,local:final_structures/Q3KM12.pdb,hard_negative,4,,true,false
Q47PQ7,local:final_structures/Q47PQ7.pdb,hard_negative,4,,true,false
Q4J9A4,local:final_structures/Q4J9A4.pdb,hard_negative,4,,true,false
Q51834,local:final_structures/Q51834.pdb,hard_negative,4,,true,false
Q5L6G2,local:final_structures/Q5L6G2.pdb,hard_negative,4,,true,false
Q5LGN7,local:final_structures/Q5LGN7.pdb,hard_negative,4,,true,false
Q64XI2,local:final_structures/Q64XI2.pdb,hard_negative,4,,true,false
Q660C0,local:final_structures/Q660C0.pdb,hard_negative,4,,true,false
Q73XT9,local:final_structures/Q73XT9.pdb,hard_negative,4,,true,false
Q74MH2,local:final_structures/Q74MH2.pdb,hard_negative,4,,true,false
Q7TYN1,local:final_structures/Q7TYN1.pdb,hard_negative,4,,true,false
Q823T8,local:final_structures/Q823T8.pdb,hard_negative,4,,true,false
Q82BX8,local:final_structures/Q82BX8.pdb,hard_negative,4,,true,false
Q8XKN1,local:final_structures/Q8XKN1.pdb,hard_negative,4,,true,false
Q973F1,local:final_structures/Q973F1.pdb,hard_negative,4,,true,false
Q9PK48,local:final_structures/Q9PK48.pdb,hard_negative,4,,true,false
O24495,local:final_structures/O24495.pdb,hard_negative,4,,true,false
O24496,local:final_structures/O24496.pdb,hard_negative,4,,true,false
O35952,local:final_structures/O35952.pdb,hard_negative,4,,true,false
P0AC84,local:final_structures/P0AC84.pdb,hard_negative,4,,true,false
P75849,local:final_structures/P75849.pdb,hard_negative,4,,true,false
Q05584,local:final_structures/Q05584.pdb,hard_negative,4,,true,false
Q12320,local:final_structures/Q12320.pdb,hard_negative,4,,true,false
Q16775,local:final_structures/Q16775.pdb,hard_negative,4,,true,false
Q99KB8,local:final_structures/Q99KB8.pdb,hard_negative,4,,true,false
Q9SID3,local:final_structures/Q9SID3.pdb,hard_negative,4,,true,false
B4F6K2,local:final_structures/B4F6K2.pdb,hard_negative,4,,true,false
Q28333,local:final_structures/Q28333.pdb,hard_negative,4,,true,false
Q3B7M2,local:final_structures/Q3B7M2.pdb,hard_negative,4,,true,false
Q4R6C1,local:final_structures/Q4R6C1.pdb,hard_negative,4,,true,false
Q5ZI23,local:final_structures/Q5ZI23.pdb,hard_negative,4,,true,false
Q6P963,local:final_structures/Q6P963.pdb,hard_negative,4,,true,false
Q8LDW8,local:final_structures/Q8LDW8.pdb,hard_negative,4,,true,false
Q8ZRM2,local:final_structures/Q8ZRM2.pdb,hard_negative,4,,true,false
A0KIK2,local:final_structures/A0KIK2.pdb,hard_negative,4,,true,false
A0KXS9,local:final_structures/A0KXS9.pdb,hard_negative,4,,true,false
A1JKA9,local:final_structures/A1JKA9.pdb,hard_negative,4,,true,false
A1S6T3,local:final_structures/A1S6T3.pdb,hard_negative,4,,true,false
A1SS88,local:final_structures/A1SS88.pdb,hard_negative,4,,true,false
A1U0V1,local:final_structures/A1U0V1.pdb,hard_negative,4,,true,false
A1WXD9,local:final_structures/A1WXD9.pdb,hard_negative,4,,true,false
A2BQ40,local:final_structures/A2BQ40.pdb,hard_negative,4,,true,false
A2C7W3,local:final_structures/A2C7W3.pdb,hard_negative,4,,true,false
A3D437,local:final_structures/A3D437.pdb,hard_negative,4,,true,false
A3PBT3,local:final_structures/A3PBT3.pdb,hard_negative,4,,true,false
A3QET2,local:final_structures/A3QET2.pdb,hard_negative,4,,true,false
A4G7G5,local:final_structures/A4G7G5.pdb,hard_negative,4,,true,false
A4SPI6,local:final_structures/A4SPI6.pdb,hard_negative,4,,true,false
A4W6V2,local:final_structures/A4W6V2.pdb,hard_negative,4,,true,false
A4XU09,local:final_structures/A4XU09.pdb,hard_negative,4,,true,false
A4YKS8,local:final_structures/A4YKS8.pdb,hard_negative,4,,true,false
A5ETG1,local:final_structures/A5ETG1.pdb,hard_negative,4,,true,false
A5F635,local:final_structures/A5F635.pdb,hard_negative,4,,true,false
A5FZE9,local:final_structures/A5FZE9.pdb,hard_negative,4,,true,false
A5GJK5,local:final_structures/A5GJK5.pdb,hard_negative,4,,true,false
A5VSR1,local:final_structures/A5VSR1.pdb,hard_negative,4,,true,false
A6T510,local:final_structures/A6T510.pdb,hard_negative,4,,true,false
A6VNK4,local:final_structures/A6VNK4.pdb,hard_negative,4,,true,false
A6WXE0,local:final_structures/A6WXE0.pdb,hard_negative,4,,true,false
A7ZHU8,local:final_structures/A7ZHU8.pdb,hard_negative,4,,true,false
A8AKR2,local:final_structures/A8AKR2.pdb,hard_negative,4,,true,false
A8GA75,local:final_structures/A8GA75.pdb,hard_negative,4,,true,false
A8H589,local:final_structures/A8H589.pdb,hard_negative,4,,true,false
A9BEI3,local:final_structures/A9BEI3.pdb,hard_negative,4,,true,false
A9M8S2,local:final_structures/A9M8S2.pdb,hard_negative,4,,true,false
B0BZI8,local:final_structures/B0BZI8.pdb,hard_negative,4,,true,false
B0JW10,local:final_structures/B0JW10.pdb,hard_negative,4,,true,false
B0TRL8,local:final_structures/B0TRL8.pdb,hard_negative,4,,true,false
B1WUT9,local:final_structures/B1WUT9.pdb,hard_negative,4,,true,false
B2FR57,local:final_structures/B2FR57.pdb,hard_negative,4,,true,false
B2IVH7,local:final_structures/B2IVH7.pdb,hard_negative,4,,true,false
B2U350,local:final_structures/B2U350.pdb,hard_negative,4,,true,false
B2VHJ7,local:final_structures/B2VHJ7.pdb,hard_negative,4,,true,false
B3R1Y0,local:final_structures/B3R1Y0.pdb,hard_negative,4,,true,false
B4SLN7,local:final_structures/B4SLN7.pdb,hard_negative,4,,true,false
B7K3R6,local:final_structures/B7K3R6.pdb,hard_negative,4,,true,false
B7KEB4,local:final_structures/B7KEB4.pdb,hard_negative,4,,true,false
B7LW87,local:final_structures/B7LW87.pdb,hard_negative,4,,true,false
B7N874,local:final_structures/B7N874.pdb,hard_negative,4,,true,false
B7NKW6,local:final_structures/B7NKW6.pdb,hard_negative,4,,true,false
B8ICA2,local:final_structures/B8ICA2.pdb,hard_negative,4,,true,false
C3K9Q0,local:final_structures/C3K9Q0.pdb,hard_negative,4,,true,false
C4K7Z9,local:final_structures/C4K7Z9.pdb,hard_negative,4,,true,false
C4LC58,local:final_structures/C4LC58.pdb,hard_negative,4,,true,false
C5BEP2,local:final_structures/C5BEP2.pdb,hard_negative,4,,true,false
C6DC67,local:final_structures/C6DC67.pdb,hard_negative,4,,true,false
O94250,local:final_structures/O94250.pdb,hard_negative,4,,true,false
P0AC85,local:final_structures/P0AC85.pdb,hard_negative,4,,true,false
P57336,local:final_structures/P57336.pdb,hard_negative,4,,true,false
P71374,local:final_structures/P71374.pdb,hard_negative,4,,true,false
P72933,local:final_structures/P72933.pdb,hard_negative,4,,true,false
Q08889,local:final_structures/Q08889.pdb,hard_negative,4,,true,false
Q0A751,local:final_structures/Q0A751.pdb,hard_negative,4,,true,false
Q0AE32,local:final_structures/Q0AE32.pdb,hard_negative,4,,true,false
Q0AM20,local:final_structures/Q0AM20.pdb,hard_negative,4,,true,false
Q0BWR4,local:final_structures/Q0BWR4.pdb,hard_negative,4,,true,false
Q0I8S8,local:final_structures/Q0I8S8.pdb,hard_negative,4,,true,false
Q0WHW5,local:final_structures/Q0WHW5.pdb,hard_negative,4,,true,false
Q10Y41,local:final_structures/Q10Y41.pdb,hard_negative,4,,true,false
Q12MM2,local:final_structures/Q12MM2.pdb,hard_negative,4,,true,false
Q162S3,local:final_structures/Q162S3.pdb,hard_negative,4,,true,false
Q1H188,local:final_structures/Q1H188.pdb,hard_negative,4,,true,false
Q1I7T2,local:final_structures/Q1I7T2.pdb,hard_negative,4,,true,false
Q1LL91,local:final_structures/Q1LL91.pdb,hard_negative,4,,true,false
Q1LT01,local:final_structures/Q1LT01.pdb,hard_negative,4,,true,false
Q1MB56,local:final_structures/Q1MB56.pdb,hard_negative,4,,true,false
Q1QQZ1,local:final_structures/Q1QQZ1.pdb,hard_negative,4,,true,false
Q1QW62,local:final_structures/Q1QW62.pdb,hard_negative,4,,true,false
Q21C03,local:final_structures/Q21C03.pdb,hard_negative,4,,true,false
Q21YF8,local:final_structures/Q21YF8.pdb,hard_negative,4,,true,false
Q28TK3,local:final_structures/Q28TK3.pdb,hard_negative,4,,true,false
Q2IJC6,local:final_structures/Q2IJC6.pdb,hard_negative,4,,true,false
Q2J429,local:final_structures/Q2J429.pdb,hard_negative,4,,true,false
Q2JPX4,local:final_structures/Q2JPX4.pdb,hard_negative,4,,true,false
Q2JVC3,local:final_structures/Q2JVC3.pdb,hard_negative,4,,true,false
Q2K3M6,local:final_structures/Q2K3M6.pdb,hard_negative,4,,true,false
Q2N9P7,local:final_structures/Q2N9P7.pdb,hard_negative,4,,true,false
Q2NVG1,local:final_structures/Q2NVG1.pdb,hard_negative,4,,true,false
Q2RP80,local:final_structures/Q2RP80.pdb,hard_negative,4,,true,false
Q2SJ47,local:final_structures/Q2SJ47.pdb,hard_negative,4,,true,false
Q31BX5,local:final_structures/Q31BX5.pdb,hard_negative,4,,true,false
Q31ND6,local:final_structures/Q31ND6.pdb,hard_negative,4,,true,false
Q32JQ1,local:final_structures/Q32JQ1.pdb,hard_negative,4,,true,false
Q3AL08,local:final_structures/Q3AL08.pdb,hard_negative,4,,true,false
Q3AYI2,local:final_structures/Q3AYI2.pdb,hard_negative,4,,true,false
Q3IIR9,local:final_structures/Q3IIR9.pdb,hard_negative,4,,true,false
Q3J436,local:final_structures/Q3J436.pdb,hard_negative,4,,true,false
Q3JAC4,local:final_structures/Q3JAC4.pdb,hard_negative,4,,true,false
Q3MGD2,local:final_structures/Q3MGD2.pdb,hard_negative,4,,true,false
Q3SIB0,local:final_structures/Q3SIB0.pdb,hard_negative,4,,true,false
Q3SVQ1,local:final_structures/Q3SVQ1.pdb,hard_negative,4,,true,false
Q3Z5F1,local:final_structures/Q3Z5F1.pdb,hard_negative,4,,true,false
Q46GM1,local:final_structures/Q46GM1.pdb,hard_negative,4,,true,false
Q48KX8,local:final_structures/Q48KX8.pdb,hard_negative,4,,true,false
Q493H8,local:final_structures/Q493H8.pdb,hard_negative,4,,true,false
Q4FP49,local:final_structures/Q4FP49.pdb,hard_negative,4,,true,false
Q4KBH9,local:final_structures/Q4KBH9.pdb,hard_negative,4,,true,false
Q4ZVL3,local:final_structures/Q4ZVL3.pdb,hard_negative,4,,true,false
Q54MR1,local:final_structures/Q54MR1.pdb,hard_negative,4,,true,false
Q57544,local:final_structures/Q57544.pdb,hard_negative,4,,true,false
Q5E3G3,local:final_structures/Q5E3G3.pdb,hard_negative,4,,true,false
Q5F7J0,local:final_structures/Q5F7J0.pdb,hard_negative,4,,true,false
Q5LNN5,local:final_structures/Q5LNN5.pdb,hard_negative,4,,true,false
Q5N5S6,local:final_structures/Q5N5S6.pdb,hard_negative,4,,true,false
Q5NF43,local:final_structures/Q5NF43.pdb,hard_negative,4,,true,false
Q5QZL0,local:final_structures/Q5QZL0.pdb,hard_negative,4,,true,false
Q5ZVZ3,local:final_structures/Q5ZVZ3.pdb,hard_negative,4,,true,false
Q60BX0,local:final_structures/Q60BX0.pdb,hard_negative,4,,true,false
Q65U07,local:final_structures/Q65U07.pdb,hard_negative,4,,true,false
Q6D1V5,local:final_structures/Q6D1V5.pdb,hard_negative,4,,true,false
Q6FYC3,local:final_structures/Q6FYC3.pdb,hard_negative,4,,true,false
Q6G1L3,local:final_structures/Q6G1L3.pdb,hard_negative,4,,true,false
Q6LN63,local:final_structures/Q6LN63.pdb,hard_negative,4,,true,false
Q6ML19,local:final_structures/Q6ML19.pdb,hard_negative,4,,true,false
Q6NC62,local:final_structures/Q6NC62.pdb,hard_negative,4,,true,false
Q7MII4,local:final_structures/Q7MII4.pdb,hard_negative,4,,true,false
Q7N809,local:final_structures/Q7N809.pdb,hard_negative,4,,true,false
Q7NG34,local:final_structures/Q7NG34.pdb,hard_negative,4,,true,false
Q7U5Z8,local:final_structures/Q7U5Z8.pdb,hard_negative,4,,true,false
Q7V6G8,local:final_structures/Q7V6G8.pdb,hard_negative,4,,true,false
Q7VD23,local:final_structures/Q7VD23.pdb,hard_negative,4,,true,false
Q7VM19,local:final_structures/Q7VM19.pdb,hard_negative,4,,true,false
Q82XW0,local:final_structures/Q82XW0.pdb,hard_negative,4,,true,false
Q83MC1,local:final_structures/Q83MC1.pdb,hard_negative,4,,true,false
Q87MG0,local:final_structures/Q87MG0.pdb,hard_negative,4,,true,false
Q87YS8,local:final_structures/Q87YS8.pdb,hard_negative,4,,true,false
Q88FF3,local:final_structures/Q88FF3.pdb,hard_negative,4,,true,false
Q89AN4,local:final_structures/Q89AN4.pdb,hard_negative,4,,true,false
Q89XT5,local:final_structures/Q89XT5.pdb,hard_negative,4,,true,false
Q8D3D4,local:final_structures/Q8D3D4.pdb,hard_negative,4,,true,false
Q8DIF1,local:final_structures/Q8DIF1.pdb,hard_negative,4,,true,false
Q8EE27,local:final_structures/Q8EE27.pdb,hard_negative,4,,true,false
Q8FKY7,local:final_structures/Q8FKY7.pdb,hard_negative,4,,true,false
Q8PBY0,local:final_structures/Q8PBY0.pdb,hard_negative,4,,true,false
Q8PNI0,local:final_structures/Q8PNI0.pdb,hard_negative,4,,true,false
Q8SSH0,local:final_structures/Q8SSH0.pdb,hard_negative,4,,true,false
Q8U9W1,local:final_structures/Q8U9W1.pdb,hard_negative,4,,true,false
Q8YZ99,local:final_structures/Q8YZ99.pdb,hard_negative,4,,true,false
Q8Z983,local:final_structures/Q8Z983.pdb,hard_negative,4,,true,false
Q92MF8,local:final_structures/Q92MF8.pdb,hard_negative,4,,true,false
Q9CMW8,local:final_structures/Q9CMW8.pdb,hard_negative,4,,true,false
Q9I2T1,local:final_structures/Q9I2T1.pdb,hard_negative,4,,true,false
Q9JXK4,local:final_structures/Q9JXK4.pdb,hard_negative,4,,true,false
Q9KPX6,local:final_structures/Q9KPX6.pdb,hard_negative,4,,true,false
Q9PBI4,local:final_structures/Q9PBI4.pdb,hard_negative,4,,true,false
Q9UT36,local:final_structures/Q9UT36.pdb,hard_negative,4,,true,false
A0Q7M7,local:final_structures/A0Q7M7.pdb,hard_negative,4,,true,false
A1A7Q3,local:final_structures/A1A7Q3.pdb,hard_negative,4,,true,false
A1IPQ8,local:final_structures/A1IPQ8.pdb,hard_negative,4,,true,false
A1KW76,local:final_structures/A1KW76.pdb,hard_negative,4,,true,false
A1RK78,local:final_structures/A1RK78.pdb,hard_negative,4,,true,false
A2C116,local:final_structures/A2C116.pdb,hard_negative,4,,true,false
A3MZD3,local:final_structures/A3MZD3.pdb,hard_negative,4,,true,false
A3PIB4,local:final_structures/A3PIB4.pdb,hard_negative,4,,true,false
A4IWV0,local:final_structures/A4IWV0.pdb,hard_negative,4,,true,false
A4TL56,local:final_structures/A4TL56.pdb,hard_negative,4,,true,false
A4WUN2,local:final_structures/A4WUN2.pdb,hard_negative,4,,true,false
A4Y6B8,local:final_structures/A4Y6B8.pdb,hard_negative,4,,true,false
A5IBE7,local:final_structures/A5IBE7.pdb,hard_negative,4,,true,false
A5UF43,local:final_structures/A5UF43.pdb,hard_negative,4,,true,false
A5W167,local:final_structures/A5W167.pdb,hard_negative,4,,true,false
A6V707,local:final_structures/A6V707.pdb,hard_negative,4,,true,false
A6VVZ9,local:final_structures/A6VVZ9.pdb,hard_negative,4,,true,false
A6WMW5,local:final_structures/A6WMW5.pdb,hard_negative,4,,true,false
A7FFK5,local:final_structures/A7FFK5.pdb,hard_negative,4,,true,false
A7MI37,local:final_structures/A7MI37.pdb,hard_negative,4,,true,false
A7MY07,local:final_structures/A7MY07.pdb,hard_negative,4,,true,false
A7NB16,local:final_structures/A7NB16.pdb,hard_negative,4,,true,false
A7ZWF4,local:final_structures/A7ZWF4.pdb,hard_negative,4,,true,false
A9IZW8,local:final_structures/A9IZW8.pdb,hard_negative,4,,true,false
A9L0E9,local:final_structures/A9L0E9.pdb,hard_negative,4,,true,false
A9M0M3,local:final_structures/A9M0M3.pdb,hard_negative,4,,true,false
A9MPF3,local:final_structures/A9MPF3.pdb,hard_negative,4,,true,false
A9MZ21,local:final_structures/A9MZ21.pdb,hard_negative,4,,true,false
B0BTR9,local:final_structures/B0BTR9.pdb,hard_negative,4,,true,false
B0CIU0,local:final_structures/B0CIU0.pdb,hard_negative,4,,true,false
B0KN02,local:final_structures/B0KN02.pdb,hard_negative,4,,true,false
B0RTE9,local:final_structures/B0RTE9.pdb,hard_negative,4,,true,false
B0TXY0,local:final_structures/B0TXY0.pdb,hard_negative,4,,true,false
B0U365,local:final_structures/B0U365.pdb,hard_negative,4,,true,false
B0UBD0,local:final_structures/B0UBD0.pdb,hard_negative,4,,true,false
B0UU01,local:final_structures/B0UU01.pdb,hard_negative,4,,true,false
B1IPU6,local:final_structures/B1IPU6.pdb,hard_negative,4,,true,false
B1JBN3,local:final_structures/B1JBN3.pdb,hard_negative,4,,true,false
B1JR44,local:final_structures/B1JR44.pdb,hard_negative,4,,true,false
B1LHM1,local:final_structures/B1LHM1.pdb,hard_negative,4,,true,false
B1XD76,local:final_structures/B1XD76.pdb,hard_negative,4,,true,false
B1XQ70,local:final_structures/B1XQ70.pdb,hard_negative,4,,true,false
B2I5S5,local:final_structures/B2I5S5.pdb,hard_negative,4,,true,false
B2KAD1,local:final_structures/B2KAD1.pdb,hard_negative,4,,true,false
B2S889,local:final_structures/B2S889.pdb,hard_negative,4,,true,false
B2SFR3,local:final_structures/B2SFR3.pdb,hard_negative,4,,true,false
B3H0S9,local:final_structures/B3H0S9.pdb,hard_negative,4,,true,false
B4RJC7,local:final_structures/B4RJC7.pdb,hard_negative,4,,true,false
B4SV37,local:final_structures/B4SV37.pdb,hard_negative,4,,true,false
B4TK83,local:final_structures/B4TK83.pdb,hard_negative,4,,true,false
B4TYG8,local:final_structures/B4TYG8.pdb,hard_negative,4,,true,false
B5BDW7,local:final_structures/B5BDW7.pdb,hard_negative,4,,true,false
B5F8X0,local:final_structures/B5F8X0.pdb,hard_negative,4,,true,false
B5F9V3,local:final_structures/B5F9V3.pdb,hard_negative,4,,true,false
B5FJ56,local:final_structures/B5FJ56.pdb,hard_negative,4,,true,false
B5R447,local:final_structures/B5R447.pdb,hard_negative,4,,true,false
B5R5L1,local:final_structures/B5R5L1.pdb,hard_negative,4,,true,false
B5Y1G4,local:final_structures/B5Y1G4.pdb,hard_negative,4,,true,false
B5Z0I6,local:final_structures/B5Z0I6.pdb,hard_negative,4,,true,false
B6EJV4,local:final_structures/B6EJV4.pdb,hard_negative,4,,true,false
B6HZS5,local:final_structures/B6HZS5.pdb,hard_negative,4,,true,false
B7LHB8,local:final_structures/B7LHB8.pdb,hard_negative,4,,true,false
B7M211,local:final_structures/B7M211.pdb,hard_negative,4,,true,false
B7MBI8,local:final_structures/B7MBI8.pdb,hard_negative,4,,true,false
B7MQ21,local:final_structures/B7MQ21.pdb,hard_negative,4,,true,false
B7UJA8,local:final_structures/B7UJA8.pdb,hard_negative,4,,true,false
B7VB64,local:final_structures/B7VB64.pdb,hard_negative,4,,true,false
B7VIP5,local:final_structures/B7VIP5.pdb,hard_negative,4,,true,false
B8E5A2,local:final_structures/B8E5A2.pdb,hard_negative,4,,true,false
B8F6A3,local:final_structures/B8F6A3.pdb,hard_negative,4,,true,false
B8HMJ9,local:final_structures/B8HMJ9.pdb,hard_negative,4,,true,false
C0Q6N0,local:final_structures/C0Q6N0.pdb,hard_negative,4,,true,false
C0RFI1,local:final_structures/C0RFI1.pdb,hard_negative,4,,true,false
C3LPP0,local:final_structures/C3LPP0.pdb,hard_negative,4,,true,false
C4ZRU9,local:final_structures/C4ZRU9.pdb,hard_negative,4,,true,false
P05446,local:final_structures/P05446.pdb,hard_negative,4,,true,false
P96981,local:final_structures/P96981.pdb,hard_negative,4,,true,false
Q04RQ6,local:final_structures/Q04RQ6.pdb,hard_negative,4,,true,false
Q051W5,local:final_structures/Q051W5.pdb,hard_negative,4,,true,false
Q07VA9,local:final_structures/Q07VA9.pdb,hard_negative,4,,true,false
Q0BMS2,local:final_structures/Q0BMS2.pdb,hard_negative,4,,true,false
Q0I3Q7,local:final_structures/Q0I3Q7.pdb,hard_negative,4,,true,false
Q0T802,local:final_structures/Q0T802.pdb,hard_negative,4,,true,false
Q0TLC5,local:final_structures/Q0TLC5.pdb,hard_negative,4,,true,false
Q11DS3,local:final_structures/Q11DS3.pdb,hard_negative,4,,true,false
Q12BV7,local:final_structures/Q12BV7.pdb,hard_negative,4,,true,false
Q13F06,local:final_structures/Q13F06.pdb,hard_negative,4,,true,false
Q14GJ6,local:final_structures/Q14GJ6.pdb,hard_negative,4,,true,false
Q1CAJ7,local:final_structures/Q1CAJ7.pdb,hard_negative,4,,true,false
Q1CFI4,local:final_structures/Q1CFI4.pdb,hard_negative,4,,true,false
Q1RFX9,local:final_structures/Q1RFX9.pdb,hard_negative,4,,true,false
Q21J46,local:final_structures/Q21J46.pdb,hard_negative,4,,true,false
Q2A4E2,local:final_structures/Q2A4E2.pdb,hard_negative,4,,true,false
Q2P6Y4,local:final_structures/Q2P6Y4.pdb,hard_negative,4,,true,false
Q2YLU8,local:final_structures/Q2YLU8.pdb,hard_negative,4,,true,false
Q31H51,local:final_structures/Q31H51.pdb,hard_negative,4,,true,false
Q325T4,local:final_structures/Q325T4.pdb,hard_negative,4,,true,false
Q3BWP5,local:final_structures/Q3BWP5.pdb,hard_negative,4,,true,false
Q3KE79,local:final_structures/Q3KE79.pdb,hard_negative,4,,true,false
Q46Z82,local:final_structures/Q46Z82.pdb,hard_negative,4,,true,false
Q47FN7,local:final_structures/Q47FN7.pdb,hard_negative,4,,true,false
Q4QJZ3,local:final_structures/Q4QJZ3.pdb,hard_negative,4,,true,false
Q4URM1,local:final_structures/Q4URM1.pdb,hard_negative,4,,true,false
Q57AW2,local:final_structures/Q57AW2.pdb,hard_negative,4,,true,false
Q57SZ8,local:final_structures/Q57SZ8.pdb,hard_negative,4,,true,false
Q5PFD6,local:final_structures/Q5PFD6.pdb,hard_negative,4,,true,false
Q5WX41,local:final_structures/Q5WX41.pdb,hard_negative,4,,true,false
Q5X5R2,local:final_structures/Q5X5R2.pdb,hard_negative,4,,true,false
Q667M5,local:final_structures/Q667M5.pdb,hard_negative,4,,true,false
Q7MQ55,local:final_structures/Q7MQ55.pdb,hard_negative,4,,true,false
Q7VQB7,local:final_structures/Q7VQB7.pdb,hard_negative,4,,true,false
Q87C74,local:final_structures/Q87C74.pdb,hard_negative,4,,true,false
Q8DBD8,local:final_structures/Q8DBD8.pdb,hard_negative,4,,true,false
Q8FYE7,local:final_structures/Q8FYE7.pdb,hard_negative,4,,true,false
Q8YJF4,local:final_structures/Q8YJF4.pdb,hard_negative,4,,true,false
Q98G02,local:final_structures/Q98G02.pdb,hard_negative,4,,true,false
P0CJ63,local:final_structures/P0CJ63.pdb,hard_negative,4,,true,false
Q9L8R8,local:final_structures/Q9L8R8.pdb,hard_negative,4,,true,false
A9CKY2,local:final_structures/A9CKY2.pdb,hard_negative,4,,true,false
A3FJ64,local:final_structures/A3FJ64.pdb,hard_negative,4,,true,false
O34760,local:final_structures/O34760.pdb,hard_negative,4,,true,false
A8IQD2,local:final_structures/A8IQD2.pdb,hard_negative,4,,true,false
B7LLX4,local:final_structures/B7LLX4.pdb,hard_negative,4,,true,false
B9JPK6,local:final_structures/B9JPK6.pdb,hard_negative,4,,true,false
Q08GP4,local:final_structures/Q08GP4.pdb,hard_negative,4,,true,false
Q1M813,local:final_structures/Q1M813.pdb,hard_negative,4,,true,false
Q7B8C3,local:final_structures/Q7B8C3.pdb,hard_negative,4,,true,false
Q7B8C5,local:final_structures/Q7B8C5.pdb,hard_negative,4,,true,false
Q7D3U0,local:final_structures/Q7D3U0.pdb,hard_negative,4,,true,false
Q7X3T2,local:final_structures/Q7X3T2.pdb,hard_negative,4,,true,false
Q8VPD5,local:final_structures/Q8VPD5.pdb,hard_negative,4,,true,false
P16692,local:final_structures/P16692.pdb,hard_negative,4,,true,false
Q8MLZ3,local:final_structures/Q8MLZ3.pdb,hard_negative,4,,true,false
Q8MM62,local:final_structures/Q8MM62.pdb,hard_negative,4,,true,false
A0A067RGU1,local:final_structures/A0A067RGU1.pdb,hard_negative,4,,true,false
A0A1E1XAR2,local:final_structures/A0A1E1XAR2.pdb,hard_negative,4,,true,false
A0A2K5VWZ3,local:final_structures/A0A2K5VWZ3.pdb,hard_negative,4,,true,false
A0A444UL76,local:final_structures/A0A444UL76.pdb,hard_negative,4,,true,false
A0A6J2XK11,local:final_structures/A0A6J2XK11.pdb,hard_negative,4,,true,false
A0A6P6HK25,local:final_structures/A0A6P6HK25.pdb,hard_negative,4,,true,false
A0A8D2GAB8,local:final_structures/A0A8D2GAB8.pdb,hard_negative,4,,true,false
A0A0V1L202,local:final_structures/A0A0V1L202.pdb,hard_negative,4,,true,false
A0A031MH76,local:final_structures/A0A031MH76.pdb,hard_negative,4,,true,false
A0A0K6HZD2,local:final_structures/A0A0K6HZD2.pdb,hard_negative,4,,true,false
A0A0K8MDD2,local:final_structures/A0A0K8MDD2.pdb,hard_negative,4,,true,false
A0A0P0NZM8,local:final_structures/A0A0P0NZM8.pdb,hard_negative,4,,true,false
A0A0P7YRP2,local:final_structures/A0A0P7YRP2.pdb,hard_negative,4,,true,false
A0A0R3LBT9,local:final_structures/A0A0R3LBT9.pdb,hard_negative,4,,true,false
A0A146G6X6,local:final_structures/A0A146G6X6.pdb,hard_negative,4,,true,false
A0A1C3URC3,local:final_structures/A0A1C3URC3.pdb,hard_negative,4,,true,false
A0A1E3VS83,local:final_structures/A0A1E3VS83.pdb,hard_negative,4,,true,false
A0A1G5IX61,local:final_structures/A0A1G5IX61.pdb,hard_negative,4,,true,false
A0A1G6BZP4,local:final_structures/A0A1G6BZP4.pdb,hard_negative,4,,true,false
A0A1G7EFR2,local:final_structures/A0A1G7EFR2.pdb,hard_negative,4,,true,false
A0A1G7PBA9,local:final_structures/A0A1G7PBA9.pdb,hard_negative,4,,true,false
A0A1G7W2L8,local:final_structures/A0A1G7W2L8.pdb,hard_negative,4,,true,false
A0A1G7Y8F1,local:final_structures/A0A1G7Y8F1.pdb,hard_negative,4,,true,false
A0A1G8L0W5,local:final_structures/A0A1G8L0W5.pdb,hard_negative,4,,true,false
A0A1G9GS92,local:final_structures/A0A1G9GS92.pdb,hard_negative,4,,true,false
A0A1G9U3F5,local:final_structures/A0A1G9U3F5.pdb,hard_negative,4,,true,false
A0A1H0BW55,local:final_structures/A0A1H0BW55.pdb,hard_negative,4,,true,false
A0A1H5SU62,local:final_structures/A0A1H5SU62.pdb,hard_negative,4,,true,false
A0A1H6LRP3,local:final_structures/A0A1H6LRP3.pdb,hard_negative,4,,true,false
A0A1H6VAN4,local:final_structures/A0A1H6VAN4.pdb,hard_negative,4,,true,false
A0A1H7GI32,local:final_structures/A0A1H7GI32.pdb,hard_negative,4,,true,false
A0A1H7V9H2,local:final_structures/A0A1H7V9H2.pdb,hard_negative,4,,true,false
A0A1H9WM90,local:final_structures/A0A1H9WM90.pdb,hard_negative,4,,true,false
A0A1I1KIJ7,local:final_structures/A0A1I1KIJ7.pdb,hard_negative,4,,true,false
A0A1I2VXJ0,local:final_structures/A0A1I2VXJ0.pdb,hard_negative,4,,true,false
A0A1I3E0C4,local:final_structures/A0A1I3E0C4.pdb,hard_negative,4,,true,false
A0A1I4PLV7,local:final_structures/A0A1I4PLV7.pdb,hard_negative,4,,true,false
A0A1I4YHF6,local:final_structures/A0A1I4YHF6.pdb,hard_negative,4,,true,false
A0A1I5Z4I9,local:final_structures/A0A1I5Z4I9.pdb,hard_negative,4,,true,false
A0A1I6M034,local:final_structures/A0A1I6M034.pdb,hard_negative,4,,true,false
A0A1I7FI35,local:final_structures/A0A1I7FI35.pdb,hard_negative,4,,true,false
A0A1I7JH77,local:final_structures/A0A1I7JH77.pdb,hard_negative,4,,true,false
A0A1M4VEI6,local:final_structures/A0A1M4VEI6.pdb,hard_negative,4,,true,false
A0A1M4WZP5,local:final_structures/A0A1M4WZP5.pdb,hard_negative,4,,true,false
A0A1M4YXX1,local:final_structures/A0A1M4YXX1.pdb,hard_negative,4,,true,false
A0A1M5B0B3,local:final_structures/A0A1M5B0B3.pdb,hard_negative,4,,true,false
A0A1M5JYE7,local:final_structures/A0A1M5JYE7.pdb,hard_negative,4,,true,false
A0A1M5THW7,local:final_structures/A0A1M5THW7.pdb,hard_negative,4,,true,false
A0A1M6NA22,local:final_structures/A0A1M6NA22.pdb,hard_negative,4,,true,false
A0A1M6RBX0,local:final_structures/A0A1M6RBX0.pdb,hard_negative,4,,true,false
A0A1M6TU08,local:final_structures/A0A1M6TU08.pdb,hard_negative,4,,true,false
A0A1N6FTC8,local:final_structures/A0A1N6FTC8.pdb,hard_negative,4,,true,false
A0A1T4KDU1,local:final_structures/A0A1T4KDU1.pdb,hard_negative,4,,true,false
A0A1T4XBU7,local:final_structures/A0A1T4XBU7.pdb,hard_negative,4,,true,false
A0A1U7Q0D1,local:final_structures/A0A1U7Q0D1.pdb,hard_negative,4,,true,false
A0A1W1Y4E4,local:final_structures/A0A1W1Y4E4.pdb,hard_negative,4,,true,false
A0A1Y6E558,local:final_structures/A0A1Y6E558.pdb,hard_negative,4,,true,false
A0A239CNS2,local:final_structures/A0A239CNS2.pdb,hard_negative,4,,true,false
A0A285G228,local:final_structures/A0A285G228.pdb,hard_negative,4,,true,false
A0A285P006,local:final_structures/A0A285P006.pdb,hard_negative,4,,true,false
A0A2M9ZMK7,local:final_structures/A0A2M9ZMK7.pdb,hard_negative,4,,true,false
A0A2R4VZD3,local:final_structures/A0A2R4VZD3.pdb,hard_negative,4,,true,false
A0A2T0U5T8,local:final_structures/A0A2T0U5T8.pdb,hard_negative,4,,true,false
A0A2T0VN24,local:final_structures/A0A2T0VN24.pdb,hard_negative,4,,true,false
A0A2T5YI32,local:final_structures/A0A2T5YI32.pdb,hard_negative,4,,true,false
A0A2T9JVZ8,local:final_structures/A0A2T9JVZ8.pdb,hard_negative,4,,true,false
A0A315Z7J6,local:final_structures/A0A315Z7J6.pdb,hard_negative,4,,true,false
A0A323V274,local:final_structures/A0A323V274.pdb,hard_negative,4,,true,false
A0A327XFU5,local:final_structures/A0A327XFU5.pdb,hard_negative,4,,true,false
A0A372EH44,local:final_structures/A0A372EH44.pdb,hard_negative,4,,true,false
A0A388T6N7,local:final_structures/A0A388T6N7.pdb,hard_negative,4,,true,false
A0A395JEV4,local:final_structures/A0A395JEV4.pdb,hard_negative,4,,true,false
A0A3E0AUH7,local:final_structures/A0A3E0AUH7.pdb,hard_negative,4,,true,false
A0A3N1UG10,local:final_structures/A0A3N1UG10.pdb,hard_negative,4,,true,false
A0A3R9QGT2,local:final_structures/A0A3R9QGT2.pdb,hard_negative,4,,true,false
A0A495WIK7,local:final_structures/A0A495WIK7.pdb,hard_negative,4,,true,false
A0A4P6ZH89,local:final_structures/A0A4P6ZH89.pdb,hard_negative,4,,true,false
A0A4R2RH94,local:final_structures/A0A4R2RH94.pdb,hard_negative,4,,true,false
A0A4R3JGP8,local:final_structures/A0A4R3JGP8.pdb,hard_negative,4,,true,false
A0A4R3YFP8,local:final_structures/A0A4R3YFP8.pdb,hard_negative,4,,true,false
A0A4R6E9R2,local:final_structures/A0A4R6E9R2.pdb,hard_negative,4,,true,false
A0A4R6QSJ8,local:final_structures/A0A4R6QSJ8.pdb,hard_negative,4,,true,false
A0A4R8MI43,local:final_structures/A0A4R8MI43.pdb,hard_negative,4,,true,false
A0A4R8MS49,local:final_structures/A0A4R8MS49.pdb,hard_negative,4,,true,false
A0A4U5UTM1,local:final_structures/A0A4U5UTM1.pdb,hard_negative,4,,true,false
A0A517NH52,local:final_structures/A0A517NH52.pdb,hard_negative,4,,true,false
A0A518HTI5,local:final_structures/A0A518HTI5.pdb,hard_negative,4,,true,false
A0A557QX23,local:final_structures/A0A557QX23.pdb,hard_negative,4,,true,false
A0A562JFU5,local:final_structures/A0A562JFU5.pdb,hard_negative,4,,true,false
A0A5C5CIR5,local:final_structures/A0A5C5CIR5.pdb,hard_negative,4,,true,false
A0A5C5X4V6,local:final_structures/A0A5C5X4V6.pdb,hard_negative,4,,true,false
A0A5C5YPS2,local:final_structures/A0A5C5YPS2.pdb,hard_negative,4,,true,false
A0A5C6D8X4,local:final_structures/A0A5C6D8X4.pdb,hard_negative,4,,true,false
A0A5Q0UHR5,local:final_structures/A0A5Q0UHR5.pdb,hard_negative,4,,true,false
A0A656QB56,local:final_structures/A0A656QB56.pdb,hard_negative,4,,true,false
A0A657LY74,local:final_structures/A0A657LY74.pdb,hard_negative,4,,true,false
A0A6S6XWU9,local:final_structures/A0A6S6XWU9.pdb,hard_negative,4,,true,false
A0A7M1AZ87,local:final_structures/A0A7M1AZ87.pdb,hard_negative,4,,true,false
A0A7R5L465,local:final_structures/A0A7R5L465.pdb,hard_negative,4,,true,false
A0A7W6GJP6,local:final_structures/A0A7W6GJP6.pdb,hard_negative,4,,true,false
A0A7W6MX61,local:final_structures/A0A7W6MX61.pdb,hard_negative,4,,true,false
A0A7W7N3W9,local:final_structures/A0A7W7N3W9.pdb,hard_negative,4,,true,false
A0A7W9SXC1,local:final_structures/A0A7W9SXC1.pdb,hard_negative,4,,true,false
A0A7W9W6C5,local:final_structures/A0A7W9W6C5.pdb,hard_negative,4,,true,false
A0A7Y9JAM2,local:final_structures/A0A7Y9JAM2.pdb,hard_negative,4,,true,false
A0A7Y9LNS3,local:final_structures/A0A7Y9LNS3.pdb,hard_negative,4,,true,false
A0A835NGY8,local:final_structures/A0A835NGY8.pdb,hard_negative,4,,true,false
A0A840DTI9,local:final_structures/A0A840DTI9.pdb,hard_negative,4,,true,false
A0A840MS67,local:final_structures/A0A840MS67.pdb,hard_negative,4,,true,false
A0A8D4VRK5,local:final_structures/A0A8D4VRK5.pdb,hard_negative,4,,true,false
A0A8G2F3V7,local:final_structures/A0A8G2F3V7.pdb,hard_negative,4,,true,false
A0A8J7R7A9,local:final_structures/A0A8J7R7A9.pdb,hard_negative,4,,true,false
A0A918J465,local:final_structures/A0A918J465.pdb,hard_negative,4,,true,false
A0A923M675,local:final_structures/A0A923M675.pdb,hard_negative,4,,true,false
A0A9X0CSG6,local:final_structures/A0A9X0CSG6.pdb,hard_negative,4,,true,false
A0AA94IUY0,local:final_structures/A0AA94IUY0.pdb,hard_negative,4,,true,false
A0AA96JX48,local:final_structures/A0AA96JX48.pdb,hard_negative,4,,true,false
A0AAN4R181,local:final_structures/A0AAN4R181.pdb,hard_negative,4,,true,false
A0AAW3TW15,local:final_structures/A0AAW3TW15.pdb,hard_negative,4,,true,false
A0AAX2F6N7,local:final_structures/A0AAX2F6N7.pdb,hard_negative,4,,true,false
A0A1I5QUZ2,local:final_structures/A0A1I5QUZ2.pdb,hard_negative,4,,true,false
A0A508T8M4,local:final_structures/A0A508T8M4.pdb,hard_negative,4,,true,false
A0A4P6JKW3,local:final_structures/A0A4P6JKW3.pdb,hard_negative,4,,true,false
A0A3S8U7P6,local:final_structures/A0A3S8U7P6.pdb,hard_negative,4,,true,false
A0A1Y5SDN3,local:final_structures/A0A1Y5SDN3.pdb,hard_negative,4,,true,false
A0A1G8ZNX2,local:final_structures/A0A1G8ZNX2.pdb,hard_negative,4,,true,false
A0A133Q315,local:final_structures/A0A133Q315.pdb,hard_negative,4,,true,false
A0A963YXC9,local:final_structures/A0A963YXC9.pdb,hard_negative,4,,true,false
A0A194V3A3,local:final_structures/A0A194V3A3.pdb,hard_negative,4,,true,false
A0A3R8Q5C0,local:final_structures/A0A3R8Q5C0.pdb,hard_negative,4,,true,false
A0A430A0G4,local:final_structures/A0A430A0G4.pdb,hard_negative,4,,true,false
A0A387HF14,local:final_structures/A0A387HF14.pdb,hard_negative,4,,true,false
A0A941EXN1,local:final_structures/A0A941EXN1.pdb,hard_negative,4,,true,false
A0A3S0KV03,local:final_structures/A0A3S0KV03.pdb,hard_negative,4,,true,false
A0AA35RBV4,local:final_structures/A0AA35RBV4.pdb,hard_negative,4,,true,false
A0A511N6S9,local:final_structures/A0A511N6S9.pdb,hard_negative,4,,true,false
A0A2A6J3C8,local:final_structures/A0A2A6J3C8.pdb,hard_negative,4,,true,false
A0A2M9XPP3,local:final_structures/A0A2M9XPP3.pdb,hard_negative,4,,true,false
A0A963Z632,local:final_structures/A0A963Z632.pdb,hard_negative,4,,true,false
A0A7G7MNS9,local:final_structures/A0A7G7MNS9.pdb,hard_negative,4,,true,false
A0A511N681,local:final_structures/A0A511N681.pdb,hard_negative,4,,true,false
A0A2C6WL85,local:final_structures/A0A2C6WL85.pdb,hard_negative,4,,true,false
A0A3N6SGM9,local:final_structures/A0A3N6SGM9.pdb,hard_negative,4,,true,false
A0A7C9RK31,local:final_structures/A0A7C9RK31.pdb,hard_negative,4,,true,false
A0A1G8TRA5,local:final_structures/A0A1G8TRA5.pdb,hard_negative,4,,true,false
A0A177HNH4,local:final_structures/A0A177HNH4.pdb,hard_negative,4,,true,false
A0A853FB61,local:final_structures/A0A853FB61.pdb,hard_negative,4,,true,false
A0A1C7M4V3,local:final_structures/A0A1C7M4V3.pdb,hard_negative,4,,true,false
A0A7W7HT93,local:final_structures/A0A7W7HT93.pdb,hard_negative,4,,true,false
A0A7H0GKS3,local:final_structures/A0A7H0GKS3.pdb,hard_negative,4,,true,false
A0A4U8Q812,local:final_structures/A0A4U8Q812.pdb,hard_negative,4,,true,false
F2YU82,local:final_structures/F2YU82.pdb,hard_negative,4,,true,false
A0AAC9RQZ1,local:final_structures/A0AAC9RQZ1.pdb,hard_negative,4,,true,false
A0A1S8T918,local:final_structures/A0A1S8T918.pdb,hard_negative,4,,true,false
A0A852R2E8,local:final_structures/A0A852R2E8.pdb,hard_negative,4,,true,false
A0A0P1GBX2,local:final_structures/A0A0P1GBX2.pdb,hard_negative,4,,true,false
A0A5B8W2A6,local:final_structures/A0A5B8W2A6.pdb,hard_negative,4,,true,false
H0EPE4,local:final_structures/H0EPE4.pdb,hard_negative,4,,true,false
A0A7X0IIS3,local:final_structures/A0A7X0IIS3.pdb,hard_negative,4,,true,false
A0A372KNQ7,local:final_structures/A0A372KNQ7.pdb,hard_negative,4,,true,false
A0A0J6WHH6,local:final_structures/A0A0J6WHH6.pdb,hard_negative,4,,true,false
Q7B8C1,local:final_structures/Q7B8C1.pdb,hard_negative,4,,true,false
A0A412PLA5,local:final_structures/A0A412PLA5.pdb,hard_negative,4,,true,false
A0A556AFC0,local:final_structures/A0A556AFC0.pdb,hard_negative,4,,true,false
A0A0P7GRG3,local:final_structures/A0A0P7GRG3.pdb,hard_negative,4,,true,false
A0A430AK82,local:final_structures/A0A430AK82.pdb,hard_negative,4,,true,false
A0A1G6MXT4,local:final_structures/A0A1G6MXT4.pdb,hard_negative,4,,true,false
A0AA41UPK5,local:final_structures/A0AA41UPK5.pdb,hard_negative,4,,true,false
R2SPG9,local:final_structures/R2SPG9.pdb,hard_negative,4,,true,false
A0A7Y2LYN4,local:final_structures/A0A7Y2LYN4.pdb,hard_negative,4,,true,false
A0A2N9BJ56,local:final_structures/A0A2N9BJ56.pdb,hard_negative,4,,true,false
A0A838CVA6,local:final_structures/A0A838CVA6.pdb,hard_negative,4,,true,false
A0A7W2A716,local:final_structures/A0A7W2A716.pdb,hard_negative,4,,true,false
A0A3B0M742,local:final_structures/A0A3B0M742.pdb,hard_negative,4,,true,false
A0A4V3Z522,local:final_structures/A0A4V3Z522.pdb,hard_negative,4,,true,false
A0A0L0N0J0,local:final_structures/A0A0L0N0J0.pdb,hard_negative,4,,true,false
A0A2S9XIX1,local:final_structures/A0A2S9XIX1.pdb,hard_negative,4,,true,false
A0A4P6JKQ4,local:final_structures/A0A4P6JKQ4.pdb,hard_negative,4,,true,false
A0A2P4NNR2,local:final_structures/A0A2P4NNR2.pdb,hard_negative,4,,true,false
A0AAE3SUG5,local:final_structures/A0AAE3SUG5.pdb,hard_negative,4,,true,false
A0A853DBB1,local:final_structures/A0A853DBB1.pdb,hard_negative,4,,true,false
A0A4Y9LQZ2,local:final_structures/A0A4Y9LQZ2.pdb,hard_negative,4,,true,false
A0A3R9Y657,local:final_structures/A0A3R9Y657.pdb,hard_negative,4,,true,false
A0A6L9Y322,local:final_structures/A0A6L9Y322.pdb,hard_negative,4,,true,false
A0A089REM6,local:final_structures/A0A089REM6.pdb,hard_negative,4,,true,false
A0A418ISH9,local:final_structures/A0A418ISH9.pdb,hard_negative,4,,true,false
C6C6L9,local:final_structures/C6C6L9.pdb,hard_negative,4,,true,false
A0A5S9RB49,local:final_structures/A0A5S9RB49.pdb,hard_negative,4,,true,false
A0A8J7YDX0,local:final_structures/A0A8J7YDX0.pdb,hard_negative,4,,true,false
A0A4Y8LFJ2,local:final_structures/A0A4Y8LFJ2.pdb,hard_negative,4,,true,false
A0A0H3YS61,local:final_structures/A0A0H3YS61.pdb,hard_negative,4,,true,false
A0A3L7ACV6,local:final_structures/A0A3L7ACV6.pdb,hard_negative,4,,true,false
A0A5S4WCZ2,local:final_structures/A0A5S4WCZ2.pdb,hard_negative,4,,true,false
A0A3L9DTP3,local:final_structures/A0A3L9DTP3.pdb,hard_negative,4,,true,false
A0A8J3MU11,local:final_structures/A0A8J3MU11.pdb,hard_negative,4,,true,false
A0AAC8VRE7,local:final_structures/A0AAC8VRE7.pdb,hard_negative,4,,true,false
A0A222E4V8,local:final_structures/A0A222E4V8.pdb,hard_negative,4,,true,false
A0A4V0Z0M3,local:final_structures/A0A4V0Z0M3.pdb,hard_negative,4,,true,false
A0A4P6X9Z7,local:final_structures/A0A4P6X9Z7.pdb,hard_negative,4,,true,false
A0A4U0SSC7,local:final_structures/A0A4U0SSC7.pdb,hard_negative,4,,true,false
A0A9E7UBH1,local:final_structures/A0A9E7UBH1.pdb,hard_negative,4,,true,false
A0A8J7JGW8,local:final_structures/A0A8J7JGW8.pdb,hard_negative,4,,true,false
A0A7X1KRG2,local:final_structures/A0A7X1KRG2.pdb,hard_negative,4,,true,false
A0A3R9PD20,local:final_structures/A0A3R9PD20.pdb,hard_negative,4,,true,false
A0A1Y5RQ26,local:final_structures/A0A1Y5RQ26.pdb,hard_negative,4,,true,false
A0ABD5ZEV3,local:final_structures/A0ABD5ZEV3.pdb,hard_negative,4,,true,false
Q9UXX2,local:final_structures/Q9UXX2.pdb,easy_negative,4,,true,false
A4WG77,local:final_structures/A4WG77.pdb,easy_negative,4,,true,false
Q9SKP6,local:final_structures/Q9SKP6.pdb,easy_negative,4,,true,false
B7H1F6,local:final_structures/B7H1F6.pdb,easy_negative,4,,true,false
B3R3W5,local:final_structures/B3R3W5.pdb,easy_negative,4,,true,false
B2I782,local:final_structures/B2I782.pdb,easy_negative,4,,true,false
A6KXL2,local:final_structures/A6KXL2.pdb,easy_negative,4,,true,false
A4G646,local:final_structures/A4G646.pdb,easy_negative,4,,true,false
Q7MYB3,local:final_structures/Q7MYB3.pdb,easy_negative,4,,true,false
A2C2B2,local:final_structures/A2C2B2.pdb,easy_negative,4,,true,false
Q8G0F7,local:final_structures/Q8G0F7.pdb,easy_negative,4,,true,false
Q2FIL9,local:final_structures/Q2FIL9.pdb,easy_negative,4,,true,false
P15426,local:final_structures/P15426.pdb,easy_negative,4,,true,false
P00941,local:final_structures/P00941.pdb,easy_negative,4,,true,false
A3D7L0,local:final_structures/A3D7L0.pdb,easy_negative,4,,true,false
B1YLE0,local:final_structures/B1YLE0.pdb,easy_negative,4,,true,false
B2US24,local:final_structures/B2US24.pdb,easy_negative,4,,true,false
Q631M0,local:final_structures/Q631M0.pdb,easy_negative,4,,true,false
Q8UEY3,local:final_structures/Q8UEY3.pdb,easy_negative,4,,true,false
B0BM40,local:final_structures/B0BM40.pdb,easy_negative,4,,true,false
Q7X222,local:final_structures/Q7X222.pdb,easy_negative,4,,true,false
B0TWU2,local:final_structures/B0TWU2.pdb,easy_negative,4,,true,false
Q253S1,local:final_structures/Q253S1.pdb,easy_negative,4,,true,false
B2FNY1,local:final_structures/B2FNY1.pdb,easy_negative,4,,true,false
Q3BRM7,local:final_structures/Q3BRM7.pdb,easy_negative,4,,true,false
Q8FVH2,local:final_structures/Q8FVH2.pdb,easy_negative,4,,true,false
B7I3R5,local:final_structures/B7I3R5.pdb,easy_negative,4,,true,false
P04789,local:final_structures/P04789.pdb,easy_negative,4,,true,false
A7NI03,local:final_structures/A7NI03.pdb,easy_negative,4,,true,false
P68822,local:final_structures/P68822.pdb,easy_negative,4,,true,false
A7H5C4,local:final_structures/A7H5C4.pdb,easy_negative,4,,true,false
B1VA75,local:final_structures/B1VA75.pdb,easy_negative,4,,true,false
P62002,local:final_structures/P62002.pdb,easy_negative,4,,true,false
A3CV22,local:final_structures/A3CV22.pdb,easy_negative,4,,true,false
Q0IAV3,local:final_structures/Q0IAV3.pdb,easy_negative,4,,true,false
A3N3L9,local:final_structures/A3N3L9.pdb,easy_negative,4,,true,false
Q02FS4,local:final_structures/Q02FS4.pdb,easy_negative,4,,true,false
P72484,local:final_structures/P72484.pdb,easy_negative,4,,true,false
Q8XXP9,local:final_structures/Q8XXP9.pdb,easy_negative,4,,true,false
B5XKI2,local:final_structures/B5XKI2.pdb,easy_negative,4,,true,false
Q1MTI4,local:final_structures/Q1MTI4.pdb,easy_negative,4,,true,false
Q46DY6,local:final_structures/Q46DY6.pdb,easy_negative,4,,true,false
Q73NB9,local:final_structures/Q73NB9.pdb,easy_negative,4,,true,false
A5G381,local:final_structures/A5G381.pdb,easy_negative,4,,true,false
Q0HXR9,local:final_structures/Q0HXR9.pdb,easy_negative,4,,true,false
A1T8L2,local:final_structures/A1T8L2.pdb,easy_negative,4,,true,false
Q7V1N4,local:final_structures/Q7V1N4.pdb,easy_negative,4,,true,false
O27120,local:final_structures/O27120.pdb,easy_negative,4,,true,false
Q9HV51,local:final_structures/Q9HV51.pdb,easy_negative,4,,true,false
Q97VM8,local:final_structures/Q97VM8.pdb,easy_negative,4,,true,false
Q68ER2,local:final_structures/Q68ER2.pdb,easy_negative,4,,true,false
A0A0U5GHD4,local:final_structures/A0A0U5GHD4.pdb,easy_negative,4,,true,false
Q64591,local:final_structures/Q64591.pdb,easy_negative,4,,true,false
P9WGR1,local:final_structures/P9WGR1.pdb,easy_negative,4,,true,false
B0D8R3,local:final_structures/B0D8R3.pdb,easy_negative,4,,true,false
P22245,local:final_structures/P22245.pdb,easy_negative,4,,true,false
Q8IZV5,local:final_structures/Q8IZV5.pdb,easy_negative,4,,true,false
B6H060,local:final_structures/B6H060.pdb,easy_negative,4,,true,false
Q9EQ06,local:final_structures/Q9EQ06.pdb,easy_negative,4,,true,false
Q7T2D1,local:final_structures/Q7T2D1.pdb,easy_negative,4,,true,false
P0CG22,local:final_structures/P0CG22.pdb,easy_negative,4,,true,false
O49332,local:final_structures/O49332.pdb,easy_negative,4,,true,false
Q6CHP1,local:final_structures/Q6CHP1.pdb,easy_negative,4,,true,false
Q6IAN0,local:final_structures/Q6IAN0.pdb,easy_negative,4,,true,false
Q6H5J0,local:final_structures/Q6H5J0.pdb,easy_negative,4,,true,false
Q5BE65,local:final_structures/Q5BE65.pdb,easy_negative,4,,true,false
A0A4P8DJW8,local:final_structures/A0A4P8DJW8.pdb,easy_negative,4,,true,false
O67610,local:final_structures/O67610.pdb,easy_negative,4,,true,false
Q6QLL4,local:final_structures/Q6QLL4.pdb,easy_negative,4,,true,false
Q8CEE7,local:final_structures/Q8CEE7.pdb,easy_negative,4,,true,false
Q75KH3,local:final_structures/Q75KH3.pdb,easy_negative,4,,true,false
E3VWI6,local:final_structures/E3VWI6.pdb,easy_negative,4,,true,false
Q6P3L6,local:final_structures/Q6P3L6.pdb,easy_negative,4,,true,false
P0AFS4,local:final_structures/P0AFS4.pdb,easy_negative,4,,true,false
Q7SYS6,local:final_structures/Q7SYS6.pdb,easy_negative,4,,true,false
P07160,local:final_structures/P07160.pdb,easy_negative,4,,true,false
A4QTE3,local:final_structures/A4QTE3.pdb,easy_negative,4,,true,false
P9WGP9,local:final_structures/P9WGP9.pdb,easy_negative,4,,true,false
Q29608,local:final_structures/Q29608.pdb,easy_negative,4,,true,false
B1LNJ7,local:final_structures/B1LNJ7.pdb,easy_negative,4,,true,false
P39485,local:final_structures/P39485.pdb,easy_negative,4,,true,false
P58381,local:final_structures/P58381.pdb,easy_negative,4,,true,false
Q9PKF7,local:final_structures/Q9PKF7.pdb,easy_negative,4,,true,false
O77769,local:final_structures/O77769.pdb,easy_negative,4,,true,false
Q5RCF8,local:final_structures/Q5RCF8.pdb,easy_negative,4,,true,false
A0A5B8YU68,local:final_structures/A0A5B8YU68.pdb,easy_negative,4,,true,false
P57432,local:final_structures/P57432.pdb,easy_negative,4,,true,false
A0A8D5M6H6,local:final_structures/A0A8D5M6H6.pdb,easy_negative,4,,true,false
P9WGR2,local:final_structures/P9WGR2.pdb,easy_negative,4,,true,false
Q9A9Z0,local:final_structures/Q9A9Z0.pdb,easy_negative,4,,true,false
P06235,local:final_structures/P06235.pdb,easy_negative,4,,true,false
P39640,local:final_structures/P39640.pdb,easy_negative,4,,true,false
O42866,local:final_structures/O42866.pdb,easy_negative,4,,true,false
P26719,local:final_structures/P26719.pdb,easy_negative,4,,true,false
G2WRK0,local:final_structures/G2WRK0.pdb,easy_negative,4,,true,false
Q8FHB1,local:final_structures/Q8FHB1.pdb,easy_negative,4,,true,false
O07399,local:final_structures/O07399.pdb,easy_negative,4,,true,false
A0R518,local:final_structures/A0R518.pdb,easy_negative,4,,true,false
Q9LUE4,local:final_structures/Q9LUE4.pdb,easy_negative,4,,true,false
Q68VY7,local:final_structures/Q68VY7.pdb,easy_negative,4,,true,false
A0PNQ1,local:final_structures/A0PNQ1.pdb,easy_negative,4,,true,false
P07383,local:final_structures/P07383.pdb,easy_negative,4,,true,false
Q9XTR8,local:final_structures/Q9XTR8.pdb,easy_negative,4,,true,false
Q99369,local:final_structures/Q99369.pdb,easy_negative,4,,true,false
Q99685,local:final_structures/Q99685.pdb,easy_negative,4,,true,false
A9R0I6,local:final_structures/A9R0I6.pdb,easy_negative,4,,true,false
P82597,local:final_structures/P82597.pdb,easy_negative,4,,true,false
A0A061B0Q2,local:final_structures/A0A061B0Q2.pdb,easy_negative,4,,true,false
P93732,local:final_structures/P93732.pdb,easy_negative,4,,true,false
P23553,local:final_structures/P23553.pdb,easy_negative,4,,true,false
Q0C8M2,local:final_structures/Q0C8M2.pdb,easy_negative,4,,true,false
Q1RGX6,local:final_structures/Q1RGX6.pdb,easy_negative,4,,true,false
Q4ZXS0,local:final_structures/Q4ZXS0.pdb,easy_negative,4,,true,false
Q54T49,local:final_structures/Q54T49.pdb,easy_negative,4,,true,false
C7PDD8,local:final_structures/C7PDD8.pdb,easy_negative,4,,true,false
Q5VXI9,local:final_structures/Q5VXI9.pdb,easy_negative,4,,true,false
Q1IGC6,local:final_structures/Q1IGC6.pdb,easy_negative,4,,true,false
Q12385,local:final_structures/Q12385.pdb,easy_negative,4,,true,false
C7CM33,local:final_structures/C7CM33.pdb,easy_negative,4,,true,false
Q7S1X0,local:final_structures/Q7S1X0.pdb,easy_negative,4,,true,false
A1DI08,local:final_structures/A1DI08.pdb,easy_negative,4,,true,false
A8GKT5,local:final_structures/A8GKT5.pdb,easy_negative,4,,true,false
B1IYB5,local:final_structures/B1IYB5.pdb,easy_negative,4,,true,false
G9BY57,local:final_structures/G9BY57.pdb,easy_negative,4,,true,false
Q8MJJ1,local:final_structures/Q8MJJ1.pdb,easy_negative,4,,true,false
A0A242M8J4,local:final_structures/A0A242M8J4.pdb,easy_negative,4,,true,false
Q51758,local:final_structures/Q51758.pdb,easy_negative,4,,true,false
A5I3F5,local:final_structures/A5I3F5.pdb,easy_negative,4,,true,false
A7FH42,local:final_structures/A7FH42.pdb,easy_negative,4,,true,false
B1XW69,local:final_structures/B1XW69.pdb,easy_negative,4,,true,false
B7VH49,local:final_structures/B7VH49.pdb,easy_negative,4,,true,false
P76049,local:final_structures/P76049.pdb,easy_negative,4,,true,false
P0DSI2,local:final_structures/P0DSI2.pdb,easy_negative,4,,true,false
A0A109QYD3,local:final_structures/A0A109QYD3.pdb,easy_negative,4,,true,false
B7NMH7,local:final_structures/B7NMH7.pdb,easy_negative,4,,true,false
Q5NZF6,local:final_structures/Q5NZF6.pdb,easy_negative,4,,true,false
Q05861,local:final_structures/Q05861.pdb,easy_negative,4,,true,false
Q6GNY7,local:final_structures/Q6GNY7.pdb,easy_negative,4,,true,false
A0A2P1GIW2,local:final_structures/A0A2P1GIW2.pdb,easy_negative,4,,true,false
Q8U671,local:final_structures/Q8U671.pdb,easy_negative,4,,true,false
Q8FK82,local:final_structures/Q8FK82.pdb,easy_negative,4,,true,false
B1JHZ5,local:final_structures/B1JHZ5.pdb,easy_negative,4,,true,false
Q9KNL4,local:final_structures/Q9KNL4.pdb,easy_negative,4,,true,false
B5FK97,local:final_structures/B5FK97.pdb,easy_negative,4,,true,false
Q6DRD9,local:final_structures/Q6DRD9.pdb,easy_negative,4,,true,false
Q9SMN0,local:final_structures/Q9SMN0.pdb,easy_negative,4,,true,false
Q9W0H3,local:final_structures/Q9W0H3.pdb,easy_negative,4,,true,false
P14686,local:final_structures/P14686.pdb,easy_negative,4,,true,false
B8NCM8,local:final_structures/B8NCM8.pdb,easy_negative,4,,true,false
P75092,local:final_structures/P75092.pdb,easy_negative,4,,true,false
A0A6J4B5J2,local:final_structures/A0A6J4B5J2.pdb,easy_negative,4,,true,false
Q7WDP8,local:final_structures/Q7WDP8.pdb,easy_negative,4,,true,false
P51781,local:final_structures/P51781.pdb,easy_negative,4,,true,false
Q9VSL3,local:final_structures/Q9VSL3.pdb,easy_negative,4,,true,false
Q08392,local:final_structures/Q08392.pdb,easy_negative,4,,true,false
Q9Z339,local:final_structures/Q9Z339.pdb,easy_negative,4,,true,false
P18035,local:final_structures/P18035.pdb,easy_negative,4,,true,false
P0A4L6,local:final_structures/P0A4L6.pdb,easy_negative,4,,true,false
A0A5C1DUY5,local:final_structures/A0A5C1DUY5.pdb,easy_negative,4,,true,false
Q6IRC8,local:final_structures/Q6IRC8.pdb,easy_negative,4,,true,false
P30102,local:final_structures/P30102.pdb,easy_negative,4,,true,false
Q9KQE9,local:final_structures/Q9KQE9.pdb,easy_negative,4,,true,false
O74887,local:final_structures/O74887.pdb,easy_negative,4,,true,false
Q86SX6,local:final_structures/Q86SX6.pdb,easy_negative,4,,true,false
P91252,local:final_structures/P91252.pdb,easy_negative,4,,true,false
P0A252,local:final_structures/P0A252.pdb,easy_negative,4,,true,false
Q8C0L0,local:final_structures/Q8C0L0.pdb,easy_negative,4,,true,false
P34345,local:final_structures/P34345.pdb,easy_negative,4,,true,false
Q8IFW4,local:final_structures/Q8IFW4.pdb,easy_negative,4,,true,false
Q0J3L4,local:final_structures/Q0J3L4.pdb,easy_negative,4,,true,false
P80031,local:final_structures/P80031.pdb,easy_negative,4,,true,false
Q9HJL3,local:final_structures/Q9HJL3.pdb,easy_negative,4,,true,false
P46425,local:final_structures/P46425.pdb,easy_negative,4,,true,false
P0AC60,local:final_structures/P0AC60.pdb,easy_negative,4,,true,false
Q923X4,local:final_structures/Q923X4.pdb,easy_negative,4,,true,false
P9WLE6,local:final_structures/P9WLE6.pdb,easy_negative,4,,true,false
Q99N89,local:final_structures/Q99N89.pdb,easy_negative,4,,true,false
P45207,local:final_structures/P45207.pdb,easy_negative,4,,true,false
O02621,local:final_structures/O02621.pdb,easy_negative,4,,true,false
Q9VG95,local:final_structures/Q9VG95.pdb,easy_negative,4,,true,false
O81332,local:final_structures/O81332.pdb,easy_negative,4,,true,false
Q7VLK4,local:final_structures/Q7VLK4.pdb,easy_negative,4,,true,false
Q6DFS0,local:final_structures/Q6DFS0.pdb,easy_negative,4,,true,false
Q11183,local:final_structures/Q11183.pdb,easy_negative,4,,true,false
P56598,local:final_structures/P56598.pdb,easy_negative,4,,true,false
P0ACA1,local:final_structures/P0ACA1.pdb,easy_negative,4,,true,false
Q4WQZ2,local:final_structures/Q4WQZ2.pdb,easy_negative,4,,true,false
Q9ZEB4,local:final_structures/Q9ZEB4.pdb,easy_negative,4,,true,false
B3LLK7,local:final_structures/B3LLK7.pdb,easy_negative,4,,true,false
Q06398,local:final_structures/Q06398.pdb,easy_negative,4,,true,false
Q7RTV5,local:final_structures/Q7RTV5.pdb,easy_negative,4,,true,false
O08368,local:final_structures/O08368.pdb,easy_negative,4,,true,false
Q8K581,local:final_structures/Q8K581.pdb,easy_negative,4,,true,false
Q8TB36,local:final_structures/Q8TB36.pdb,easy_negative,4,,true,false
Q96468,local:final_structures/Q96468.pdb,easy_negative,4,,true,false
Q5RC63,local:final_structures/Q5RC63.pdb,easy_negative,4,,true,false
P40581,local:final_structures/P40581.pdb,easy_negative,4,,true,false
P45111,local:final_structures/P45111.pdb,easy_negative,4,,true,false
O04986,local:final_structures/O04986.pdb,easy_negative,4,,true,false
P30562,local:final_structures/P30562.pdb,easy_negative,4,,true,false
P11343,local:final_structures/P11343.pdb,easy_negative,4,,true,false
A2XE99,local:final_structures/A2XE99.pdb,easy_negative,4,,true,false
P24232,local:final_structures/P24232.pdb,easy_negative,4,,true,false
Q9KMY3,local:final_structures/Q9KMY3.pdb,easy_negative,4,,true,false
Q7LZM2,local:final_structures/Q7LZM2.pdb,easy_negative,4,,true,false
P02192,local:final_structures/P02192.pdb,easy_negative,4,,true,false
P02145,local:final_structures/P02145.pdb,easy_negative,4,,true,false
P04247,local:final_structures/P04247.pdb,easy_negative,4,,true,false
Q42665,local:final_structures/Q42665.pdb,easy_negative,4,,true,false
I1LJI1,local:final_structures/I1LJI1.pdb,easy_negative,4,,true,false
P84297,local:final_structures/P84297.pdb,easy_negative,4,,true,false
P02178,local:final_structures/P02178.pdb,easy_negative,4,,true,false
Q09240,local:final_structures/Q09240.pdb,easy_negative,4,,true,false
P68084,local:final_structures/P68084.pdb,easy_negative,4,,true,false
P02148,local:final_structures/P02148.pdb,easy_negative,4,,true,false
P02161,local:final_structures/P02161.pdb,easy_negative,4,,true,false
Q88PP0,local:final_structures/Q88PP0.pdb,easy_negative,4,,true,false
P62734,local:final_structures/P62734.pdb,easy_negative,4,,true,false
C0HKB7,local:final_structures/C0HKB7.pdb,easy_negative,4,,true,false
P80018,local:final_structures/P80018.pdb,easy_negative,4,,true,false
Q42831,local:final_structures/Q42831.pdb,easy_negative,4,,true,false
P02207,local:final_structures/P02207.pdb,easy_negative,4,,true,false
Q0KIY6,local:final_structures/Q0KIY6.pdb,easy_negative,4,,true,false
Q0KIY9,local:final_structures/Q0KIY9.pdb,easy_negative,4,,true,false
Q18086,local:final_structures/Q18086.pdb,easy_negative,4,,true,false
P41261,local:final_structures/P41261.pdb,easy_negative,4,,true,false
P02151,local:final_structures/P02151.pdb,easy_negative,4,,true,false
P12548,local:final_structures/P12548.pdb,easy_negative,4,,true,false
P25165,local:final_structures/P25165.pdb,easy_negative,4,,true,false
P15161,local:final_structures/P15161.pdb,easy_negative,4,,true,false
P02229,local:final_structures/P02229.pdb,easy_negative,4,,true,false
Q9NPG2,local:final_structures/Q9NPG2.pdb,easy_negative,4,,true,false
P68169,local:final_structures/P68169.pdb,easy_negative,4,,true,false
P86881,local:final_structures/P86881.pdb,easy_negative,4,,true,false
Q7MH09,local:final_structures/Q7MH09.pdb,easy_negative,4,,true,false
P08054,local:final_structures/P08054.pdb,easy_negative,4,,true,false
P02184,local:final_structures/P02184.pdb,easy_negative,4,,true,false
P04250,local:final_structures/P04250.pdb,easy_negative,4,,true,false
P02239,local:final_structures/P02239.pdb,easy_negative,4,,true,false
P02208,local:final_structures/P02208.pdb,easy_negative,4,,true,false
P02185,local:final_structures/P02185.pdb,easy_negative,4,,true,false
Q8DCU2,local:final_structures/Q8DCU2.pdb,easy_negative,4,,true,false
Q7M419,local:final_structures/Q7M419.pdb,easy_negative,4,,true,false
Q7M413,local:final_structures/Q7M413.pdb,easy_negative,4,,true,false
P29245,local:final_structures/P29245.pdb,easy_negative,4,,true,false
P02203,local:final_structures/P02203.pdb,easy_negative,4,,true,false
P00714,local:final_structures/P00714.pdb,easy_negative,4,,true,false
Q8IXA5,local:final_structures/Q8IXA5.pdb,easy_negative,4,,true,false
Q9D9X8,local:final_structures/Q9D9X8.pdb,easy_negative,4,,true,false
C1IIX1,local:final_structures/C1IIX1.pdb,easy_negative,4,,true,false
A2AE20,local:final_structures/A2AE20.pdb,easy_negative,4,,true,false
A6QQ77,local:final_structures/A6QQ77.pdb,easy_negative,4,,true,false
B6VH75,local:final_structures/B6VH75.pdb,easy_negative,4,,true,false
B6VH76,local:final_structures/B6VH76.pdb,easy_negative,4,,true,false
B6VH77,local:final_structures/B6VH77.pdb,easy_negative,4,,true,false
B6VH79,local:final_structures/B6VH79.pdb,easy_negative,4,,true,false
Q32PD6,local:final_structures/Q32PD6.pdb,easy_negative,4,,true,false
Q96QH8,local:final_structures/Q96QH8.pdb,easy_negative,4,,true,false
Q54F36,local:final_structures/Q54F36.pdb,easy_negative,4,,true,false
